{"results":{"size":1,"expand":"result","start-index":0,"max-result":1,"result":[{"expand":"plan,vcsRevisions,artifacts,comments,labels,jiraIssues,stages","link":{"href":"http://pikuaudio.us:8085/rest/api/latest/result/TPA-PLAN1-2","rel":"self"},"plan":{"shortName":"Plan 1","shortKey":"PLAN1","type":"chain","enabled":true,"link":{"href":"http://pikuaudio.us:8085/rest/api/latest/plan/TPA-PLAN1","rel":"self"},"key":"TPA-PLAN1","name":"Test Project A - Plan 1","planKey":{"key":"TPA-PLAN1"}},"planName":"Plan 1","projectName":"Test Project A","buildResultKey":"TPA-PLAN1-2","lifeCycleState":"Finished","id":1212419,"buildStartedTime":"2018-05-17T14:20:38.903-07:00","prettyBuildStartedTime":"Thu, 17 May, 02:20 PM","buildCompletedTime":"2018-05-17T14:20:39.453-07:00","buildCompletedDate":"2018-05-17T14:20:39.453-07:00","prettyBuildCompletedTime":"Thu, 17 May, 02:20 PM","buildDurationInSeconds":0,"buildDuration":550,"buildDurationDescription":"< 1 second","buildRelativeTime":"5 days ago","vcsRevisionKey":"2cee44029a35c314f9f0d0c3ce99613628e3ca7d","vcsRevisions":{"size":1,"start-index":0,"max-result":1},"buildTestSummary":"No tests found","successfulTestCount":0,"failedTestCount":0,"quarantinedTestCount":0,"skippedTestCount":0,"continuable":false,"onceOff":false,"restartable":false,"notRunYet":false,"finished":true,"successful":true,"buildReason":"Manual run by <a href=\"http://pikuaudio.us:8085/browse/user/malmquist\">Mark Almquist</a>","reasonSummary":"Manual run by <a href=\"http://pikuaudio.us:8085/browse/user/malmquist\">Mark Almquist</a>","artifacts":{"size":0,"start-index":0,"max-result":0},"comments":{"size":1,"start-index":0,"max-result":1},"labels":{"size":0,"start-index":0,"max-result":0},"jiraIssues":{"size":0,"start-index":0,"max-result":0},"stages":{"size":1,"start-index":0,"max-result":1},"key":"TPA-PLAN1-2","planResultKey":{"key":"TPA-PLAN1-2","entityKey":{"key":"TPA-PLAN1"},"resultNumber":2},"state":"Successful","buildState":"Successful","number":2,"buildNumber":2}]},"expand":"results","link":{"href":"http://pikuaudio.us:8085/rest/api/latest/result","rel":"self"}}